{"type":"Camera","origin":{"e":[0.0,52.0,-348.0]},"lowerLeftCorner":{"e":[19.816423976944677,40.43274825649533,-338.7076733358071]},"horizontal":{"e":[-39.46970218335754,0.0,0.34025605330480635]},"vertical":{"e":[0.009068165090731174,22.187326841085344,1.051907150524816]},"u":{"e":[-0.999962843925898,0.0,0.008620369344188776]},"v":{"e":[4.0825062610274195E-4,0.9988779409935632,0.047357072627918065]},"w":{"e":[-0.008610696781127317,0.04735883229620025,-0.9988408266107688]},"lensRadius":0.0,"lookfrom":{"e":[0.0,52.0,-348.0]},"lookat":{"e":[3.0,35.5,0.0]},"vup":{"e":[0.0,1.0,0.0]},"vfov":96.0,"aspectRatio":1.777,"aperture":0.0,"focusDist":10.0,"imgWidth":600,"samplesPerPixel":100,"maxDepth":50,"time0":0.0,"time1":1.0}
{"type":"XYRect","x0":-250.0,"x1":250.0,"y0":-250.0,"y1":250.0,"k":0.0,"material":{"type":"Lambertian","albedo":{"colorValue":{"e":[0.827,0.843,0.843]}},"colorValue":{"e":[0.827,0.843,0.843]}},"position":{"e":[0.0,0.0,0.0]},"width":500.0,"height":500.0}
{"type":"XZRect","position":{"e":[0.0,-140.0,0.0]},"height":500.0,"width":500.0,"x0":-250.0,"x1":250.0,"z0":-250.0,"z1":250.0,"k":-140.0,"material":{"type":"Lambertian","albedo":{"colorValue":{"e":[0.843,0.843,0.859]}},"colorValue":{"e":[0.843,0.843,0.859]}}}
{"type":"YZRect","position":{"e":[240.0,0.0,0.0]},"height":500.0,"width":500.0,"y0":-250.0,"y1":250.0,"z0":-250.0,"z1":250.0,"k":240.0,"material":{"type":"Lambertian","albedo":{"colorValue":{"e":[0.027,0.604,0.133]}},"colorValue":{"e":[0.027,0.604,0.133]}}}
{"type":"YZRect","position":{"e":[-210.0,0.0,0.0]},"height":500.0,"width":500.0,"y0":-250.0,"y1":250.0,"z0":-250.0,"z1":250.0,"k":-210.0,"material":{"type":"Lambertian","albedo":{"colorValue":{"e":[0.855,0.102,0.125]}},"colorValue":{"e":[0.855,0.102,0.125]}}}
{"type":"XZRect","position":{"e":[0.0,220.0,0.0]},"height":500.0,"width":500.0,"x0":-250.0,"x1":250.0,"z0":-250.0,"z1":250.0,"k":220.0,"material":{"type":"Lambertian","albedo":{"colorValue":{"e":[0.882,0.843,0.843]}},"colorValue":{"e":[0.882,0.843,0.843]}}}
{"type":"XZRect","position":{"e":[0.0,220.0,-130.0]},"height":120.0,"width":260.0,"x0":-130.0,"x1":130.0,"z0":-190.0,"z1":-70.0,"k":220.0,"material":{"type":"DiffuseLight","emit":{"colorValue":{"e":[1.0,1.0,1.0]}},"colorValue":{"e":[1.0,1.0,1.0]}}}
{"type":"Sphere","position":{"e":[150.0,-90.0,-140.0]},"radius":45.0,"material":{"type":"DiffuseLight","emit":{"colorValue":{"e":[1.0,1.0,1.0]}},"colorValue":{"e":[1.0,1.0,1.0]}}}
