{"type":"Camera","origin":{"e":[-3.3,0.8,-3.2]},"lowerLeftCorner":{"e":[14.912296958816754,-10.766504146955137,-10.292328341408307]},"horizontal":{"e":[-24.741023014061078,0.0,25.514179983250486]},"vertical":{"e":[2.4618124261661354,19.703824456397896,2.3872120496156466]},"u":{"e":[-0.6961458360737502,0.0,0.7179003934510549]},"v":{"e":[0.12309062130830678,0.9851912228198949,0.11936060248078234]},"w":{"e":[-0.7072691664869283,0.17145919187561898,-0.6858367675024759]},"lensRadius":0.25,"lookfrom":{"e":[-3.3,0.8,-3.2]},"lookat":{"e":[0.0,0.0,0.0]},"vup":{"e":[0.0,1.0,0.0]},"vfov":90.0,"aspectRatio":1.777,"aperture":0.5,"focusDist":10.0,"imgWidth":600,"samplesPerPixel":100,"maxDepth":50,"time0":0.0,"time1":1.0}
{"type":"Sphere","center":{"e":[0.0,-100.0,0.0]},"radius":100.0,"material":{"type":"Lambertian","albedo":{"colorValue":{"e":[0.604,0.196,0.196]}},"colorValue":{"e":[0.604,0.196,0.196]}}}
{"type":"Sphere","center":{"e":[0.0,1.0,0.0]},"radius":1.0,"material":{"type":"DiffuseLight","emit":{"colorValue":{"e":[0.604,0.961,0.196]}},"colorValue":{"e":[0.604,0.961,0.196]}}}
{"type":"Sphere","center":{"e":[0.0,1.0,0.0]},"radius":1.0,"material":{"type":"Metal","albedo":{"e":[0.604,0.431,0.196]},"fuzz":0.0}}
{"type":"XYRect","x0":0.0,"x1":55.0,"y0":0.0,"y1":55.0,"k":0.0,"material":{"type":"Lambertian","albedo":{"colorValue":{"e":[0.196,0.651,0.196]}},"colorValue":{"e":[0.196,0.651,0.196]}}}
{"type":"YZRect","y0":0.0,"y1":55.0,"z0":4.0,"z1":654.0,"k":2.0,"material":{"type":"Lambertian","albedo":{"colorValue":{"e":[0.196,0.314,0.875]}},"colorValue":{"e":[0.196,0.314,0.875]}}}
{"type":"XZRect","x0":45.0,"x1":53.0,"z0":2.0,"z1":65.0,"k":3.0,"material":{"type":"DiffuseLight","emit":{"colorValue":{"e":[0.196,0.957,0.875]}},"colorValue":{"e":[0.196,0.957,0.875]}}}
