{"type":"Camera","origin":{"e":[-8.0,52.0,-332.0]},"lowerLeftCorner":{"e":[11.72551531756884,38.62675629541376,-325.299275767515]},"horizontal":{"e":[-39.4711240146574,0.0,-0.05944446387749607]},"vertical":{"e":[-0.008933218381491376,21.405593395350024,5.931657005310274]},"u":{"e":[-0.9999988659476398,0.0,-0.001506022388475361]},"v":{"e":[-4.02175297964532E-4,0.9636841431884148,0.2670443978484493]},"w":{"e":[0.001451329895060448,0.2670447006911224,-0.9636830503201375]},"lensRadius":0.0,"lookfrom":{"e":[-8.0,52.0,-332.0]},"lookat":{"e":[-8.5,-40.0,0.0]},"vup":{"e":[0.0,1.0,0.0]},"vfov":96.0,"aspectRatio":1.777,"aperture":0.0,"focusDist":10.0,"imgWidth":600,"samplesPerPixel":100,"maxDepth":50,"time0":0.0,"time1":1.0}
{"type":"XYRect","x0":-250.0,"x1":250.0,"y0":-250.0,"y1":250.0,"k":0.0,"material":{"type":"Lambertian","albedo":{"colorValue":{"e":[0.827,0.843,0.843]}},"colorValue":{"e":[0.827,0.843,0.843]}},"position":{"e":[0.0,0.0,0.0]},"width":500.0,"height":500.0}
{"type":"XZRect","position":{"e":[0.0,-140.0,0.0]},"height":500.0,"width":500.0,"x0":-250.0,"x1":250.0,"z0":-250.0,"z1":250.0,"k":-140.0,"material":{"type":"Lambertian","albedo":{"colorValue":{"e":[0.843,0.843,0.859]}},"colorValue":{"e":[0.843,0.843,0.859]}}}
{"type":"YZRect","position":{"e":[240.0,0.0,0.0]},"height":500.0,"width":500.0,"y0":-250.0,"y1":250.0,"z0":-250.0,"z1":250.0,"k":240.0,"material":{"type":"Lambertian","albedo":{"colorValue":{"e":[0.027,0.604,0.133]}},"colorValue":{"e":[0.027,0.604,0.133]}}}
{"type":"YZRect","position":{"e":[-210.0,0.0,0.0]},"height":500.0,"width":500.0,"y0":-250.0,"y1":250.0,"z0":-250.0,"z1":250.0,"k":-210.0,"material":{"type":"Lambertian","albedo":{"colorValue":{"e":[0.855,0.102,0.125]}},"colorValue":{"e":[0.855,0.102,0.125]}}}
{"type":"XZRect","position":{"e":[0.0,220.0,0.0]},"height":500.0,"width":500.0,"x0":-250.0,"x1":250.0,"z0":-250.0,"z1":250.0,"k":220.0,"material":{"type":"Lambertian","albedo":{"colorValue":{"e":[0.882,0.843,0.843]}},"colorValue":{"e":[0.882,0.843,0.843]}}}
{"type":"Sphere","position":{"e":[140.0,-90.0,-280.0]},"radius":35.0,"material":{"type":"DiffuseLight","emit":{"colorValue":{"e":[1.0,1.0,1.0]}},"colorValue":{"e":[1.0,1.0,1.0]}}}
{"type":"Box","position":{"e":[-80.0,-100.0,-120.0]},"maxPos":{"e":[-35.0,-55.0,-90.0]},"minPos":{"e":[-125.0,-145.0,-150.0]},"height":60.0,"width":90.0,"length":90.0,"material":{"type":"Lambertian","albedo":{"colorValue":{"e":[0.408,0.655,1.0]}},"colorValue":{"e":[0.408,0.655,1.0]}},"sides":{"objects":[{"type":"XYRect","x0":-125.0,"x1":-35.0,"y0":-145.0,"y1":-55.0,"k":-90.0,"material":{"type":"Lambertian","albedo":{"colorValue":{"e":[0.408,0.655,1.0]}},"colorValue":{"e":[0.408,0.655,1.0]}},"position":{"e":[-80.0,-100.0,-90.0]},"width":90.0,"height":90.0},{"type":"XYRect","x0":-125.0,"x1":-35.0,"y0":-145.0,"y1":-55.0,"k":-150.0,"material":{"type":"Lambertian","albedo":{"colorValue":{"e":[0.408,0.655,1.0]}},"colorValue":{"e":[0.408,0.655,1.0]}},"position":{"e":[-80.0,-100.0,-150.0]},"width":90.0,"height":90.0},{"type":"XZRect","position":{"e":[-80.0,-55.0,-120.0]},"height":60.0,"width":90.0,"x0":-125.0,"x1":-35.0,"z0":-150.0,"z1":-90.0,"k":-55.0,"material":{"type":"Lambertian","albedo":{"colorValue":{"e":[0.408,0.655,1.0]}},"colorValue":{"e":[0.408,0.655,1.0]}}},{"type":"XZRect","position":{"e":[-80.0,-145.0,-120.0]},"height":60.0,"width":90.0,"x0":-125.0,"x1":-35.0,"z0":-150.0,"z1":-90.0,"k":-145.0,"material":{"type":"Lambertian","albedo":{"colorValue":{"e":[0.408,0.655,1.0]}},"colorValue":{"e":[0.408,0.655,1.0]}}},{"type":"YZRect","position":{"e":[-35.0,-100.0,-120.0]},"height":60.0,"width":90.0,"y0":-145.0,"y1":-55.0,"z0":-150.0,"z1":-90.0,"k":-35.0,"material":{"type":"Lambertian","albedo":{"colorValue":{"e":[0.408,0.655,1.0]}},"colorValue":{"e":[0.408,0.655,1.0]}}},{"type":"YZRect","position":{"e":[-125.0,-100.0,-120.0]},"height":60.0,"width":90.0,"y0":-145.0,"y1":-55.0,"z0":-150.0,"z1":-90.0,"k":-125.0,"material":{"type":"Lambertian","albedo":{"colorValue":{"e":[0.408,0.655,1.0]}},"colorValue":{"e":[0.408,0.655,1.0]}}}]}}
{"type":"Sphere","position":{"e":[170.0,90.0,10.0]},"radius":45.0,"material":{"type":"Lambertian","albedo":{"colorValue":{"e":[0.859,0.251,0.635]}},"colorValue":{"e":[0.859,0.251,0.635]}}}
{"type":"Sphere","position":{"e":[-120.0,100.0,-30.0]},"radius":65.0,"material":{"type":"Lambertian","albedo":{"colorValue":{"e":[0.0,0.467,0.729]}},"colorValue":{"e":[0.0,0.467,0.729]}}}
{"type":"Sphere","position":{"e":[-80.0,-120.0,-180.0]},"radius":35.0,"material":{"type":"Lambertian","albedo":{"colorValue":{"e":[0.522,1.0,1.0]}},"colorValue":{"e":[0.522,1.0,1.0]}}}
{"type":"Sphere","position":{"e":[110.0,-60.0,-220.0]},"radius":15.0,"material":{"type":"Lambertian","albedo":{"colorValue":{"e":[0.871,0.494,0.0]}},"colorValue":{"e":[0.871,0.494,0.0]}}}
{"type":"Sphere","position":{"e":[150.0,-80.0,-60.0]},"radius":35.0,"material":{"type":"Lambertian","albedo":{"colorValue":{"e":[0.525,0.318,0.549]}},"colorValue":{"e":[0.525,0.318,0.549]}}}
{"type":"Sphere","position":{"e":[0.0,30.0,-120.0]},"radius":45.0,"material":{"type":"DiffuseLight","emit":{"colorValue":{"e":[1.0,1.0,1.0]}},"colorValue":{"e":[1.0,1.0,1.0]}}}
{"type":"Box","position":{"e":[70.0,-100.0,-220.0]},"maxPos":{"e":[95.0,-60.0,-205.0]},"minPos":{"e":[45.0,-140.0,-235.0]},"height":30.0,"width":50.0,"length":80.0,"material":{"type":"Metal","albedo":{"e":[1.0,0.8,0.737]},"fuzz":0.0},"sides":{"objects":[{"type":"XYRect","x0":45.0,"x1":95.0,"y0":-140.0,"y1":-60.0,"k":-205.0,"material":{"type":"Metal","albedo":{"e":[1.0,0.8,0.737]},"fuzz":0.0},"position":{"e":[70.0,-100.0,-205.0]},"width":50.0,"height":80.0},{"type":"XYRect","x0":45.0,"x1":95.0,"y0":-140.0,"y1":-60.0,"k":-235.0,"material":{"type":"Metal","albedo":{"e":[1.0,0.8,0.737]},"fuzz":0.0},"position":{"e":[70.0,-100.0,-235.0]},"width":50.0,"height":80.0},{"type":"XZRect","position":{"e":[70.0,-60.0,-220.0]},"height":30.0,"width":50.0,"x0":45.0,"x1":95.0,"z0":-235.0,"z1":-205.0,"k":-60.0,"material":{"type":"Metal","albedo":{"e":[1.0,0.8,0.737]},"fuzz":0.0}},{"type":"XZRect","position":{"e":[70.0,-140.0,-220.0]},"height":30.0,"width":50.0,"x0":45.0,"x1":95.0,"z0":-235.0,"z1":-205.0,"k":-140.0,"material":{"type":"Metal","albedo":{"e":[1.0,0.8,0.737]},"fuzz":0.0}},{"type":"YZRect","position":{"e":[95.0,-100.0,-220.0]},"height":30.0,"width":80.0,"y0":-140.0,"y1":-60.0,"z0":-235.0,"z1":-205.0,"k":95.0,"material":{"type":"Metal","albedo":{"e":[1.0,0.8,0.737]},"fuzz":0.0}},{"type":"YZRect","position":{"e":[45.0,-100.0,-220.0]},"height":30.0,"width":80.0,"y0":-140.0,"y1":-60.0,"z0":-235.0,"z1":-205.0,"k":45.0,"material":{"type":"Metal","albedo":{"e":[1.0,0.8,0.737]},"fuzz":0.0}}]}}
{"type":"Sphere","position":{"e":[-100.0,-120.0,-240.0]},"radius":15.0,"material":{"type":"Lambertian","albedo":{"colorValue":{"e":[0.0,0.42,0.0]}},"colorValue":{"e":[0.0,0.42,0.0]}}}
{"type":"Sphere","position":{"e":[0.0,-110.0,-220.0]},"radius":25.0,"material":{"type":"Lambertian","albedo":{"colorValue":{"e":[0.0,0.333,0.373]}},"colorValue":{"e":[0.0,0.333,0.373]}}}
{"type":"Sphere","position":{"e":[-120.0,0.0,-170.0]},"radius":35.0,"material":{"type":"Metal","albedo":{"e":[1.0,1.0,1.0]},"fuzz":0.0}}
{"type":"Sphere","position":{"e":[-120.0,-30.0,-300.0]},"radius":15.0,"material":{"type":"DiffuseLight","emit":{"colorValue":{"e":[1.0,1.0,1.0]}},"colorValue":{"e":[1.0,1.0,1.0]}}}
{"type":"Sphere","position":{"e":[120.0,20.0,-170.0]},"radius":35.0,"material":{"type":"Lambertian","albedo":{"colorValue":{"e":[0.404,0.416,0.624]}},"colorValue":{"e":[0.404,0.416,0.624]}}}
{"type":"Box","position":{"e":[-150.0,-90.0,-210.0]},"maxPos":{"e":[-130.0,-50.0,-185.0]},"minPos":{"e":[-170.0,-130.0,-235.0]},"height":50.0,"width":40.0,"length":80.0,"material":{"type":"Metal","albedo":{"e":[0.867,0.973,1.0]},"fuzz":0.0},"sides":{"objects":[{"type":"XYRect","x0":-170.0,"x1":-130.0,"y0":-130.0,"y1":-50.0,"k":-185.0,"material":{"type":"Metal","albedo":{"e":[0.867,0.973,1.0]},"fuzz":0.0},